,city,country,hash,date
1586,Vienna,Austria,0xlbx02acp4ufxoxu0qtvaoo2oxoofvx61c46l86m8,2016-01-02 06:59:25
1961,Mare,New Caledonia,0xlbx02acp4ufxoxu0qtvaoo2oxoofvx61c46l86m8,2016-03-02 00:25:44
3904,Naples,United States,0xlbx02acp4ufxoxu0qtvaoo2oxoofvx61c46l86m8,2016-03-11 04:17:19
681,Gothenborg,Sweden,0xlbx02acp4ufxoxu0qtvaoo2oxoofvx61c46l86m8,2016-05-02 03:43:13
3813,Ende,Indonesia,0xlbx02acp4ufxoxu0qtvaoo2oxoofvx61c46l86m8,2016-06-15 15:18:42
3313,Fort Wainwright,United States,0xlbx02acp4ufxoxu0qtvaoo2oxoofvx61c46l86m8,2016-07-23 16:18:26
105,Port Menier,Canada,0xlbx02acp4ufxoxu0qtvaoo2oxoofvx61c46l86m8,2016-08-24 13:43:18
2739,Cuzco,Peru,0xlbx02acp4ufxoxu0qtvaoo2oxoofvx61c46l86m8,2016-08-03 13:23:14
3452,Millinocket,United States,0xlbx02acp4ufxoxu0qtvaoo2oxoofvx61c46l86m8,2016-10-07 02:11:22
2182,Damascus,Syria,0xlbx02acp4ufxoxu0qtvaoo2oxoofvx61c46l86m8,2016-11-01 19:16:37
3551,Hibbing,United States,0xlbx02acp4ufxoxu0qtvaoo2oxoofvx61c46l86m8,2016-12-11 23:17:42
3988,Lhasa,China,0xlbx02acp4ufxoxu0qtvaoo2oxoofvx61c46l86m8,2017-02-06 13:48:06
4252,Noyabrsk,Russia,0xwrdfjuge5njnmg4y6f6zd9dhzrs6cgi9ytlkpk7k,2016-02-08 11:38:55
2804,Fort-de-france,Martinique,0xwrdfjuge5njnmg4y6f6zd9dhzrs6cgi9ytlkpk7k,2016-02-23 04:39:09
528,Inverness,United Kingdom,0xvl71wfsfe9v6yyqsey5cxpv6abr33iphrdsao20m,2016-02-14 17:33:11
3413,Edwards Afb,United States,0xvl71wfsfe9v6yyqsey5cxpv6abr33iphrdsao20m,2016-03-16 19:07:24
709,Lycksele,Sweden,0xvl71wfsfe9v6yyqsey5cxpv6abr33iphrdsao20m,2016-04-01 14:56:24
1993,Tauranga,New Zealand,0xvl71wfsfe9v6yyqsey5cxpv6abr33iphrdsao20m,2016-04-28 12:55:23
2239,Yamaguchi,Japan,0xvl71wfsfe9v6yyqsey5cxpv6abr33iphrdsao20m,2016-06-23 03:42:48
2870,St. Petersburg,Russia,0xvl71wfsfe9v6yyqsey5cxpv6abr33iphrdsao20m,2016-07-12 04:11:59
1626,Caransebes,Romania,0xvl71wfsfe9v6yyqsey5cxpv6abr33iphrdsao20m,2016-08-14 10:38:16
1634,Tulcea,Romania,0xoiqtt378kp9rtbr21sh1b48d4623i9v9b03j188s,2016-01-01 11:06:08
2929,Jabalpur,India,0xoiqtt378kp9rtbr21sh1b48d4623i9v9b03j188s,2016-03-07 07:35:29
1119,Kisumu,Kenya,0xoiqtt378kp9rtbr21sh1b48d4623i9v9b03j188s,2016-03-16 02:56:20
3017,Jaipur,India,0xoiqtt378kp9rtbr21sh1b48d4623i9v9b03j188s,2016-05-18 09:12:18
3775,Selma,United States,0xoiqtt378kp9rtbr21sh1b48d4623i9v9b03j188s,2016-05-13 14:46:23
2232,Hakodate,Japan,0xoiqtt378kp9rtbr21sh1b48d4623i9v9b03j188s,2016-06-14 04:26:10
2900,Bukhara,Uzbekistan,0xoiqtt378kp9rtbr21sh1b48d4623i9v9b03j188s,2016-08-02 23:04:46
2640,Bahia Solano,Colombia,0xoiqtt378kp9rtbr21sh1b48d4623i9v9b03j188s,2016-09-05 23:51:50
1159,Lake Manyara,Tanzania,0xoiqtt378kp9rtbr21sh1b48d4623i9v9b03j188s,2016-10-12 16:02:40
3539,Marysville,United States,0xoiqtt378kp9rtbr21sh1b48d4623i9v9b03j188s,2016-10-18 18:45:49
4399,Saul,French Guiana,0xoiqtt378kp9rtbr21sh1b48d4623i9v9b03j188s,2016-11-08 10:05:44
39,Clyde River,Canada,0xoiqtt378kp9rtbr21sh1b48d4623i9v9b03j188s,2017-02-10 13:07:41
269,Makurdi,Nigeria,0xoiqtt378kp9rtbr21sh1b48d4623i9v9b03j188s,2017-01-03 14:16:05
3622,Miami,United States,0xoiqtt378kp9rtbr21sh1b48d4623i9v9b03j188s,2017-01-01 13:16:38
3161,Luwuk,Indonesia,0xoiqtt378kp9rtbr21sh1b48d4623i9v9b03j188s,2017-02-12 15:19:50
3738,Gulkana,United States,0xoiqtt378kp9rtbr21sh1b48d4623i9v9b03j188s,2017-02-02 00:57:22
3977,Mae Hong Son,Thailand,0xoiqtt378kp9rtbr21sh1b48d4623i9v9b03j188s,2017-01-18 19:43:51
515,Hawarden,United Kingdom,0xoiqtt378kp9rtbr21sh1b48d4623i9v9b03j188s,2017-01-25 07:51:24
1407,Nancy,France,0xpg7dchy3oi6iosi6swbhj7g87cry7vmoomy0vknh,2016-01-15 20:46:53
2867,Lvov,Ukraine,0xpg7dchy3oi6iosi6swbhj7g87cry7vmoomy0vknh,2016-02-06 18:52:36
1673,Istanbul,Turkey,0xpg7dchy3oi6iosi6swbhj7g87cry7vmoomy0vknh,2016-03-21 09:16:26
116,Moncton,Canada,0xpg7dchy3oi6iosi6swbhj7g87cry7vmoomy0vknh,2016-04-05 23:40:49
930,Cabinda,Angola,0xpg7dchy3oi6iosi6swbhj7g87cry7vmoomy0vknh,2016-05-22 16:42:19
4237,Berlevag,Norway,0xpg7dchy3oi6iosi6swbhj7g87cry7vmoomy0vknh,2016-06-16 15:04:03
1220,Santiago,Spain,0xpg7dchy3oi6iosi6swbhj7g87cry7vmoomy0vknh,2016-08-13 22:25:56
863,Kasane,Botswana,0xpg7dchy3oi6iosi6swbhj7g87cry7vmoomy0vknh,2016-09-16 17:58:37
2040,Rafha,Saudi Arabia,0xpg7dchy3oi6iosi6swbhj7g87cry7vmoomy0vknh,2016-09-29 12:55:02
4089,Busuanga,Philippines,0x50uimwgd6z4969l1wcbop2ou3hr0owsjgp5vo53r,2016-01-24 07:29:07
4508,Quezaltenango,Guatemala,0x50uimwgd6z4969l1wcbop2ou3hr0owsjgp5vo53r,2016-02-08 09:55:27
1583,Innsbruck,Austria,0x50uimwgd6z4969l1wcbop2ou3hr0owsjgp5vo53r,2016-03-16 05:37:04
3983,Santarem,Brazil,0x50uimwgd6z4969l1wcbop2ou3hr0owsjgp5vo53r,2016-05-15 18:34:17
1091,Bahar Dar,Ethiopia,0x50uimwgd6z4969l1wcbop2ou3hr0owsjgp5vo53r,2016-05-26 06:43:02
1057,Ouarzazate,Morocco,0x50uimwgd6z4969l1wcbop2ou3hr0owsjgp5vo53r,2016-06-16 17:45:48
608,Odense,Denmark,0xshqr0e2qnjz70op5jn9zt1pteh7h24el74fcxat6,2016-01-25 08:26:24
4407,Aniwa,Vanuatu,0xshqr0e2qnjz70op5jn9zt1pteh7h24el74fcxat6,2016-02-29 10:30:52
435,Kittila,Finland,0xshqr0e2qnjz70op5jn9zt1pteh7h24el74fcxat6,2016-04-20 07:54:07
2744,Salto,Uruguay,0xshqr0e2qnjz70op5jn9zt1pteh7h24el74fcxat6,2016-04-05 17:22:20
4526,Usak,Turkey,0xshqr0e2qnjz70op5jn9zt1pteh7h24el74fcxat6,2016-06-13 20:26:11
2507,Joinville,Brazil,0xshqr0e2qnjz70op5jn9zt1pteh7h24el74fcxat6,2016-06-16 08:07:17
3497,Yuma,United States,0xshqr0e2qnjz70op5jn9zt1pteh7h24el74fcxat6,2016-07-03 07:28:45
1,Madang,Papua New Guinea,0xshqr0e2qnjz70op5jn9zt1pteh7h24el74fcxat6,2016-09-03 04:17:55
3653,Philadelphia,United States,0xshqr0e2qnjz70op5jn9zt1pteh7h24el74fcxat6,2016-09-14 12:26:49
4171,Morgantown,United States,0xshqr0e2qnjz70op5jn9zt1pteh7h24el74fcxat6,2016-10-02 22:13:44
177,Smithers,Canada,0x7cw9ld2b375b4ghm6utc32sr5ocb1153x2nnyxg5,2016-01-03 04:27:41
4569,Lewistown,United States,0x7cw9ld2b375b4ghm6utc32sr5ocb1153x2nnyxg5,2016-02-19 03:04:14
775,Guetersloh,Germany,0x7cw9ld2b375b4ghm6utc32sr5ocb1153x2nnyxg5,2016-03-13 12:33:30
2989,Ishurdi,Bangladesh,0x7cw9ld2b375b4ghm6utc32sr5ocb1153x2nnyxg5,2016-04-04 12:59:14
77,Kamloops,Canada,0x7cw9ld2b375b4ghm6utc32sr5ocb1153x2nnyxg5,2016-06-02 19:17:33
3360,Madison,United States,0x7cw9ld2b375b4ghm6utc32sr5ocb1153x2nnyxg5,2016-06-17 06:48:46
2329,Kitadaito,Japan,0x7cw9ld2b375b4ghm6utc32sr5ocb1153x2nnyxg5,2016-08-24 13:05:28
1542,Ljubliana,Slovenia,0x7cw9ld2b375b4ghm6utc32sr5ocb1153x2nnyxg5,2016-08-21 05:36:23
4451,Moala,Fiji,0x7cw9ld2b375b4ghm6utc32sr5ocb1153x2nnyxg5,2016-10-17 18:02:09
1291,Bourg,France,0x97i4zh5zezx0ypkbgc9y3ipu178jiz0d1kk5m0pb,2016-01-10 15:17:24
180,Charlottetown,Canada,0x97i4zh5zezx0ypkbgc9y3ipu178jiz0d1kk5m0pb,2016-03-21 12:45:51
3926,Greenville,United States,0x97i4zh5zezx0ypkbgc9y3ipu178jiz0d1kk5m0pb,2016-03-18 06:08:07
591,Cork,Ireland,0x97i4zh5zezx0ypkbgc9y3ipu178jiz0d1kk5m0pb,2016-04-06 19:07:38
4391,Sabzevar,Iran,0x97i4zh5zezx0ypkbgc9y3ipu178jiz0d1kk5m0pb,2016-06-14 11:24:18
4186,Phetchabun,Thailand,0x97i4zh5zezx0ypkbgc9y3ipu178jiz0d1kk5m0pb,2016-06-12 17:58:08
3173,Miri,Malaysia,0x97i4zh5zezx0ypkbgc9y3ipu178jiz0d1kk5m0pb,2016-08-19 20:14:36
175,North Bay,Canada,0x97i4zh5zezx0ypkbgc9y3ipu178jiz0d1kk5m0pb,2016-09-12 12:37:28
3290,Ninbo,China,0x97i4zh5zezx0ypkbgc9y3ipu178jiz0d1kk5m0pb,2016-09-14 20:11:55
2613,Manta,Ecuador,0x97i4zh5zezx0ypkbgc9y3ipu178jiz0d1kk5m0pb,2016-10-29 05:27:18
1737,La Ceiba,Honduras,0x97i4zh5zezx0ypkbgc9y3ipu178jiz0d1kk5m0pb,2016-12-18 09:34:51
3583,Atlanta,United States,0x97i4zh5zezx0ypkbgc9y3ipu178jiz0d1kk5m0pb,2017-01-25 21:43:32
4446,Koro Island,Fiji,0x97i4zh5zezx0ypkbgc9y3ipu178jiz0d1kk5m0pb,2017-01-30 21:31:23
403,Borkum,Germany,0x97i4zh5zezx0ypkbgc9y3ipu178jiz0d1kk5m0pb,2017-02-20 12:24:38
4787,Whale Cove,Canada,0x97i4zh5zezx0ypkbgc9y3ipu178jiz0d1kk5m0pb,2017-02-13 15:26:15
59,Fort Simpson,Canada,0x1cpo5gz6cbcialterhauw7bclp6gzikv7xbg4b6e,2016-01-05 02:19:21
2192,West Tinian,Northern Mariana Islands,0x1cpo5gz6cbcialterhauw7bclp6gzikv7xbg4b6e,2016-02-17 03:20:01
164,Saskatoon,Canada,0x1cpo5gz6cbcialterhauw7bclp6gzikv7xbg4b6e,2016-03-08 07:04:30
1093,Gambella,Ethiopia,0x1cpo5gz6cbcialterhauw7bclp6gzikv7xbg4b6e,2016-04-05 20:51:12
1261,Albi,France,0x1cpo5gz6cbcialterhauw7bclp6gzikv7xbg4b6e,2016-05-28 13:29:52
413,Tartu-ulenurme,Estonia,0x1cpo5gz6cbcialterhauw7bclp6gzikv7xbg4b6e,2016-07-18 16:15:26
3049,Bellary,India,0x1cpo5gz6cbcialterhauw7bclp6gzikv7xbg4b6e,2016-07-10 09:30:56
3143,Thandwe,Burma,0x1cpo5gz6cbcialterhauw7bclp6gzikv7xbg4b6e,2016-08-16 16:30:15
855,Pretoria,South Africa,0x1cpo5gz6cbcialterhauw7bclp6gzikv7xbg4b6e,2016-10-10 08:55:20
3150,Timika,Indonesia,0x1cpo5gz6cbcialterhauw7bclp6gzikv7xbg4b6e,2016-11-08 19:15:02
3984,Sihanoukville,Cambodia,0x1cpo5gz6cbcialterhauw7bclp6gzikv7xbg4b6e,2016-11-02 13:35:56
3596,Abilene,United States,0x1cpo5gz6cbcialterhauw7bclp6gzikv7xbg4b6e,2017-01-13 16:07:28
3179,Brunei,Brunei,0xhturixvm1pl5uorbljwrd7xqt33ijng8cykowey6,2016-01-26 01:26:34
1329,Marseille,France,0xhturixvm1pl5uorbljwrd7xqt33ijng8cykowey6,2016-02-09 00:54:03
4701,Tambohorano,Madagascar,0xhturixvm1pl5uorbljwrd7xqt33ijng8cykowey6,2016-03-03 23:58:14
1051,Oujda,Morocco,0xhturixvm1pl5uorbljwrd7xqt33ijng8cykowey6,2016-05-04 08:23:04
341,Cologne,Germany,0xhturixvm1pl5uorbljwrd7xqt33ijng8cykowey6,2016-05-17 05:59:31
2553,Teresina,Brazil,0xhturixvm1pl5uorbljwrd7xqt33ijng8cykowey6,2016-06-23 01:14:44
4447,Matei,Fiji,0xhturixvm1pl5uorbljwrd7xqt33ijng8cykowey6,2016-08-02 22:08:50
1363,Pontoise,France,0xhturixvm1pl5uorbljwrd7xqt33ijng8cykowey6,2016-08-08 07:01:02
2948,Galoya,Sri Lanka,0xhturixvm1pl5uorbljwrd7xqt33ijng8cykowey6,2016-09-01 01:01:19
1669,Kayseri,Turkey,0xhturixvm1pl5uorbljwrd7xqt33ijng8cykowey6,2016-10-29 19:55:41
3671,Texarkana,United States,0xhturixvm1pl5uorbljwrd7xqt33ijng8cykowey6,2016-12-05 01:10:19
2700,Yacuiba,Bolivia,0xhturixvm1pl5uorbljwrd7xqt33ijng8cykowey6,2017-02-23 10:18:12
1070,Tidjikja,Mauritania,0xhturixvm1pl5uorbljwrd7xqt33ijng8cykowey6,2017-01-27 16:34:38
559,Northolt,United Kingdom,0xhturixvm1pl5uorbljwrd7xqt33ijng8cykowey6,2017-01-15 01:36:56
923,Farafangana,Madagascar,0xhturixvm1pl5uorbljwrd7xqt33ijng8cykowey6,2017-01-17 02:10:09
3943,Kingscote,Australia,0xcwyfm0dpwfoo35lin11nbfqowm51ilazyrwgyzgv,2016-01-28 20:58:48
2320,Taegu,South Korea,0xcwyfm0dpwfoo35lin11nbfqowm51ilazyrwgyzgv,2016-03-16 16:22:20
3739,Watertown,United States,0xhhfbf7t504r2e6qsc0kvgohh0qrhgozwaxbji814,2016-01-22 16:51:29
2674,Rio Negro,Colombia,0xhhfbf7t504r2e6qsc0kvgohh0qrhgozwaxbji814,2016-03-08 22:04:46
1291,Bourg,France,0xhhfbf7t504r2e6qsc0kvgohh0qrhgozwaxbji814,2016-03-14 09:10:01
2870,St. Petersburg,Russia,0xhhfbf7t504r2e6qsc0kvgohh0qrhgozwaxbji814,2016-04-25 03:17:27
1288,Aubenas-vals-lanas,France,0xhhfbf7t504r2e6qsc0kvgohh0qrhgozwaxbji814,2016-05-27 11:43:12
1789,Mexico City,Mexico,0xhhfbf7t504r2e6qsc0kvgohh0qrhgozwaxbji814,2016-06-27 21:09:34
4528,Corvo,Portugal,0xhhfbf7t504r2e6qsc0kvgohh0qrhgozwaxbji814,2016-08-24 10:48:41
1540,Perugia,Italy,0xhhfbf7t504r2e6qsc0kvgohh0qrhgozwaxbji814,2016-08-16 09:29:43
2851,Marquette,United States,0x97w4et71jh7ut00omkgsu5yo4929j9vvb3p69kx4,2016-01-15 13:12:44
1158,Kilimanjaro,Tanzania,0x97w4et71jh7ut00omkgsu5yo4929j9vvb3p69kx4,2016-02-08 04:39:28
1020,Lubumashi,Congo (Kinshasa),0x97w4et71jh7ut00omkgsu5yo4929j9vvb3p69kx4,2016-03-09 04:50:16
4067,Rumjatar,Nepal,0x97w4et71jh7ut00omkgsu5yo4929j9vvb3p69kx4,2016-04-21 16:38:15
4019,Binghamton,United States,0x97w4et71jh7ut00omkgsu5yo4929j9vvb3p69kx4,2016-05-15 09:52:24
3263,Norfolk Island,Norfolk Island,0x97w4et71jh7ut00omkgsu5yo4929j9vvb3p69kx4,2016-07-24 23:10:20
2534,Pelotas,Brazil,0x97w4et71jh7ut00omkgsu5yo4929j9vvb3p69kx4,2016-08-21 09:05:14
195,Slave Lake,Canada,0x97w4et71jh7ut00omkgsu5yo4929j9vvb3p69kx4,2016-09-24 22:46:31
1288,Aubenas-vals-lanas,France,0x97w4et71jh7ut00omkgsu5yo4929j9vvb3p69kx4,2016-10-04 02:21:33
3967,Nauru,Nauru,0x97w4et71jh7ut00omkgsu5yo4929j9vvb3p69kx4,2016-10-13 19:11:54
3916,Flores,Guatemala,0x97w4et71jh7ut00omkgsu5yo4929j9vvb3p69kx4,2016-12-10 19:54:45
2211,Lanyu,Taiwan,0x97w4et71jh7ut00omkgsu5yo4929j9vvb3p69kx4,2017-01-01 06:16:06
4138,Vail,United States,0x97w4et71jh7ut00omkgsu5yo4929j9vvb3p69kx4,2017-02-08 14:41:44
3676,Killeen,United States,0x97w4et71jh7ut00omkgsu5yo4929j9vvb3p69kx4,2017-01-23 01:32:15
3937,Wassau,United States,0x9s20oz2baxl5zskf9kk16lpc28knp0ce3uvktfz4,2016-01-16 14:32:50
4466,Andros,Bahamas,0x9s20oz2baxl5zskf9kk16lpc28knp0ce3uvktfz4,2016-03-20 01:55:15
1239,Agen,France,0x9s20oz2baxl5zskf9kk16lpc28knp0ce3uvktfz4,2016-04-24 14:18:24
852,Durban,South Africa,0x9s20oz2baxl5zskf9kk16lpc28knp0ce3uvktfz4,2016-04-04 15:13:30
4529,Salerno,Italy,0x9s20oz2baxl5zskf9kk16lpc28knp0ce3uvktfz4,2016-05-15 03:52:57
4047,Chu Lai,Vietnam,0x9s20oz2baxl5zskf9kk16lpc28knp0ce3uvktfz4,2016-07-08 20:55:22
3847,Liepaja,Latvia,0x9s20oz2baxl5zskf9kk16lpc28knp0ce3uvktfz4,2016-07-15 02:59:05
4694,Tsaratanana,Madagascar,0x9s20oz2baxl5zskf9kk16lpc28knp0ce3uvktfz4,2016-09-17 22:23:36
2832,Kingstown,Saint Vincent and the Grenadines,0x9s20oz2baxl5zskf9kk16lpc28knp0ce3uvktfz4,2016-10-17 05:36:53
564,Honington,United Kingdom,0x9s20oz2baxl5zskf9kk16lpc28knp0ce3uvktfz4,2016-11-23 12:46:05
1518,Montichiari,Italy,0xjdi2shh90jimw2mz0kd30kv1loael9w4kh214aak,2016-01-29 11:58:44
1410,Reims,France,0xjdi2shh90jimw2mz0kd30kv1loael9w4kh214aak,2016-03-08 23:23:39
4108,Grand Canyon,United States,0xjdi2shh90jimw2mz0kd30kv1loael9w4kh214aak,2016-03-27 02:46:48
161,Wrigley,Canada,0x56mv122a7l6awfg0k8tmcf43p27xpp3lziyuaqw3,2016-02-14 22:10:51
2687,Cochabamba,Bolivia,0x56mv122a7l6awfg0k8tmcf43p27xpp3lziyuaqw3,2016-02-06 01:39:49
723,Lulea,Sweden,0xo3obm0r1s6v1a1a7qixgtlzw04re5das74yuf8w8,2016-01-17 12:52:46
3232,Mackay,Australia,0xo3obm0r1s6v1a1a7qixgtlzw04re5das74yuf8w8,2016-02-12 00:38:08
539,Lossiemouth,United Kingdom,0xo3obm0r1s6v1a1a7qixgtlzw04re5das74yuf8w8,2016-04-22 19:12:52
652,Stord,Norway,0xo3obm0r1s6v1a1a7qixgtlzw04re5das74yuf8w8,2016-04-16 12:31:37
4007,BRISTOL,United States,0xo3obm0r1s6v1a1a7qixgtlzw04re5das74yuf8w8,2016-06-13 22:42:17
2671,Pasto,Colombia,0xo3obm0r1s6v1a1a7qixgtlzw04re5das74yuf8w8,2016-07-07 20:46:02
4393,Rafsanjan,Iran,0xo3obm0r1s6v1a1a7qixgtlzw04re5das74yuf8w8,2016-07-17 22:56:22
4679,Ondangwa,Namibia,0xo3obm0r1s6v1a1a7qixgtlzw04re5das74yuf8w8,2016-08-12 14:52:45
2303,Kwangju,South Korea,0xo3obm0r1s6v1a1a7qixgtlzw04re5das74yuf8w8,2016-09-08 20:53:30
4183,Gillette,United States,0xt2bm302czkdh01cy4ni06wn76v3xcajtkehh5rmv,2016-01-18 05:40:56
89,Fort Mcmurray,Canada,0xt2bm302czkdh01cy4ni06wn76v3xcajtkehh5rmv,2016-02-11 01:00:47
1849,Nosara Beach,Costa Rica,0xt2bm302czkdh01cy4ni06wn76v3xcajtkehh5rmv,2016-04-13 00:41:56
892,Mfuwe,Zambia,0xt2bm302czkdh01cy4ni06wn76v3xcajtkehh5rmv,2016-05-10 03:19:35
2725,Yurimaguas,Peru,0xt2bm302czkdh01cy4ni06wn76v3xcajtkehh5rmv,2016-05-25 17:48:43
3261,Camden,Australia,0xt2bm302czkdh01cy4ni06wn76v3xcajtkehh5rmv,2016-06-21 23:40:23
42,Burwash,Canada,0xt2bm302czkdh01cy4ni06wn76v3xcajtkehh5rmv,2016-07-15 13:32:22
1627,Craiova,Romania,0xt2bm302czkdh01cy4ni06wn76v3xcajtkehh5rmv,2016-08-08 15:29:09
3982,Funchal,Portugal,0xt2bm302czkdh01cy4ni06wn76v3xcajtkehh5rmv,2016-09-29 08:42:35
3529,Kenai,United States,0xt2bm302czkdh01cy4ni06wn76v3xcajtkehh5rmv,2016-10-07 13:15:43
3342,Hunter Aaf,United States,0xacfm5qqx3razj50ejj8q6ui7gwr62nei57sddtwi,2016-01-24 06:28:14
292,Sfax,Tunisia,0xacfm5qqx3razj50ejj8q6ui7gwr62nei57sddtwi,2016-02-11 23:58:25
2194,Majuro,Marshall Islands,0xacfm5qqx3razj50ejj8q6ui7gwr62nei57sddtwi,2016-03-12 00:29:03
3605,Jackson,United States,0xacfm5qqx3razj50ejj8q6ui7gwr62nei57sddtwi,2016-04-03 23:40:33
3471,Pittsburgh (pennsylva),United States,0xacfm5qqx3razj50ejj8q6ui7gwr62nei57sddtwi,2016-05-09 17:40:03
3183,Gunung Sitoli,Indonesia,0xacfm5qqx3razj50ejj8q6ui7gwr62nei57sddtwi,2016-07-15 09:56:22
3477,Miami,United States,0xacfm5qqx3razj50ejj8q6ui7gwr62nei57sddtwi,2016-08-02 18:36:51
64,Iles De La Madeleine,Canada,0xacfm5qqx3razj50ejj8q6ui7gwr62nei57sddtwi,2016-09-17 17:49:51
1249,Niort,France,0xacfm5qqx3razj50ejj8q6ui7gwr62nei57sddtwi,2016-09-17 14:26:39
2842,Pavlodar,Kazakhstan,0xkg9hi2vd6p8mh26cy0o6p0j7f1o9g5e6ll96ojc4,2016-02-18 20:44:26
1174,Varna,Bulgaria,0xkg9hi2vd6p8mh26cy0o6p0j7f1o9g5e6ll96ojc4,2016-03-09 11:38:35
4619,Port Sudan,Sudan,0xkg9hi2vd6p8mh26cy0o6p0j7f1o9g5e6ll96ojc4,2016-04-14 04:39:43
173,Abbotsford,Canada,0xkg9hi2vd6p8mh26cy0o6p0j7f1o9g5e6ll96ojc4,2016-04-01 06:17:35
4525,Kars,Turkey,0xkg9hi2vd6p8mh26cy0o6p0j7f1o9g5e6ll96ojc4,2016-06-10 02:43:54
96,Old Crow,Canada,0xkg9hi2vd6p8mh26cy0o6p0j7f1o9g5e6ll96ojc4,2016-07-02 13:46:07
3685,Santa Fe,United States,0xkg9hi2vd6p8mh26cy0o6p0j7f1o9g5e6ll96ojc4,2016-07-16 20:32:38
3645,Corpus Christi,United States,0xkg9hi2vd6p8mh26cy0o6p0j7f1o9g5e6ll96ojc4,2016-09-03 19:33:20
2068,Kish Island,Iran,0xkg9hi2vd6p8mh26cy0o6p0j7f1o9g5e6ll96ojc4,2016-10-21 09:14:03
4237,Berlevag,Norway,0xkg9hi2vd6p8mh26cy0o6p0j7f1o9g5e6ll96ojc4,2016-11-15 10:40:15
2989,Ishurdi,Bangladesh,0xkg9hi2vd6p8mh26cy0o6p0j7f1o9g5e6ll96ojc4,2016-12-21 09:41:00
2253,Oita,Japan,0xkg9hi2vd6p8mh26cy0o6p0j7f1o9g5e6ll96ojc4,2017-01-08 18:27:33
4333,Molokai,United States,0xkg9hi2vd6p8mh26cy0o6p0j7f1o9g5e6ll96ojc4,2017-01-13 21:12:49
2584,Los Angeles,Chile,0xkg9hi2vd6p8mh26cy0o6p0j7f1o9g5e6ll96ojc4,2017-02-22 12:02:17
3656,Truth Or Consequences,United States,0x9r628kt5u4fxcay0md498gp12wv3sy27yl8vefqv,2016-02-23 10:06:25
3396,Boise,United States,0x9r628kt5u4fxcay0md498gp12wv3sy27yl8vefqv,2016-02-25 19:45:37
3757,Sitka,United States,0x9r628kt5u4fxcay0md498gp12wv3sy27yl8vefqv,2016-03-31 13:46:10
226,Oran,Algeria,0x9r628kt5u4fxcay0md498gp12wv3sy27yl8vefqv,2016-04-04 08:42:38
2119,Amman,Jordan,0x9r628kt5u4fxcay0md498gp12wv3sy27yl8vefqv,2016-05-20 13:27:25
4119,Temple,United States,0x9r628kt5u4fxcay0md498gp12wv3sy27yl8vefqv,2016-06-09 23:37:32
660,Krakow,Poland,0x9r628kt5u4fxcay0md498gp12wv3sy27yl8vefqv,2016-07-25 07:50:00
1277,Rochefort,France,0xt5cq2wmyke0xc3n4m3ycpbsr9ssyinndizmyi120,2016-02-16 22:23:24
4252,Noyabrsk,Russia,0xt5cq2wmyke0xc3n4m3ycpbsr9ssyinndizmyi120,2016-02-11 19:53:25
3330,Iliamna,United States,0xt5cq2wmyke0xc3n4m3ycpbsr9ssyinndizmyi120,2016-04-24 20:24:42
3155,Seoul,South Korea,0xt5cq2wmyke0xc3n4m3ycpbsr9ssyinndizmyi120,2016-04-09 12:32:41
695,Oskarshamn,Sweden,0xt5cq2wmyke0xc3n4m3ycpbsr9ssyinndizmyi120,2016-06-14 18:29:26
4056,Karlsruhe/Baden-Baden,Germany,0xt5cq2wmyke0xc3n4m3ycpbsr9ssyinndizmyi120,2016-06-27 02:15:25
3737,Omaha,United States,0xt5cq2wmyke0xc3n4m3ycpbsr9ssyinndizmyi120,2016-07-20 12:48:40
301,Charleroi,Belgium,0xt5cq2wmyke0xc3n4m3ycpbsr9ssyinndizmyi120,2016-09-08 10:52:09
3614,Durango,United States,0xt5cq2wmyke0xc3n4m3ycpbsr9ssyinndizmyi120,2016-09-17 13:52:59
492,Lasham,United Kingdom,0xt5cq2wmyke0xc3n4m3ycpbsr9ssyinndizmyi120,2016-10-17 23:14:15
3434,Fort Lauderdale,United States,0xasd39qokmy1djvxkjbcp9nhjwqj66z44rhn6lkc5,2016-01-23 06:37:55
4006,MONTGOMERY,United States,0xasd39qokmy1djvxkjbcp9nhjwqj66z44rhn6lkc5,2016-03-10 11:09:10
827,Pietermaritzburg,South Africa,0xasd39qokmy1djvxkjbcp9nhjwqj66z44rhn6lkc5,2016-04-10 00:49:45
1697,Batman,Turkey,0xasd39qokmy1djvxkjbcp9nhjwqj66z44rhn6lkc5,2016-04-07 16:13:45
2183,Deire Zor,Syria,0xasd39qokmy1djvxkjbcp9nhjwqj66z44rhn6lkc5,2016-05-29 13:11:10
1489,Trapani,Italy,0xasd39qokmy1djvxkjbcp9nhjwqj66z44rhn6lkc5,2016-07-23 02:48:18
195,Slave Lake,Canada,0xasd39qokmy1djvxkjbcp9nhjwqj66z44rhn6lkc5,2016-08-17 05:39:10
1923,Tongatapu,Tonga,0xasd39qokmy1djvxkjbcp9nhjwqj66z44rhn6lkc5,2016-09-19 14:42:11
4610,Diu,India,0xasd39qokmy1djvxkjbcp9nhjwqj66z44rhn6lkc5,2016-10-24 08:52:47
307,Ostend,Belgium,0xny8sagtl8zyspcm6n1dgq2lk0bppazjyf2vl28iw,2016-01-11 20:28:35
4693,Mandritsara,Madagascar,0xny8sagtl8zyspcm6n1dgq2lk0bppazjyf2vl28iw,2016-02-24 12:47:03
3003,Varanasi,India,0xny8sagtl8zyspcm6n1dgq2lk0bppazjyf2vl28iw,2016-04-23 19:02:14
4679,Ondangwa,Namibia,0xny8sagtl8zyspcm6n1dgq2lk0bppazjyf2vl28iw,2016-05-13 09:16:17
4761,Seinäjoki / Ilmajoki,Finland,0xny8sagtl8zyspcm6n1dgq2lk0bppazjyf2vl28iw,2016-05-29 00:40:41
4082,Kalymnos,Greece,0xny8sagtl8zyspcm6n1dgq2lk0bppazjyf2vl28iw,2016-07-13 02:50:54
4760,Nottingham,United Kingdom,0xny8sagtl8zyspcm6n1dgq2lk0bppazjyf2vl28iw,2016-07-02 15:18:49
4016,Utila,Honduras,0xny8sagtl8zyspcm6n1dgq2lk0bppazjyf2vl28iw,2016-08-24 08:01:41
1839,Coto 47,Costa Rica,0xny8sagtl8zyspcm6n1dgq2lk0bppazjyf2vl28iw,2016-09-01 11:05:01
2951,Kirkuk,Iraq,0xk6c3fvlrks24ejggwfvyxyvp7vnpc2adjkzi6muy,2016-02-01 22:07:12
3315,Point Lay,United States,0xk6c3fvlrks24ejggwfvyxyvp7vnpc2adjkzi6muy,2016-03-04 05:52:02
3929,Bloomington,United States,0xk6c3fvlrks24ejggwfvyxyvp7vnpc2adjkzi6muy,2016-03-31 20:34:47
4748,Penzance,United Kingdom,0xk6c3fvlrks24ejggwfvyxyvp7vnpc2adjkzi6muy,2016-04-02 22:56:18
158,Winnipeg,Canada,0xk6c3fvlrks24ejggwfvyxyvp7vnpc2adjkzi6muy,2016-05-27 18:59:23
708,Kramfors,Sweden,0xk6c3fvlrks24ejggwfvyxyvp7vnpc2adjkzi6muy,2016-07-10 05:08:00
1420,Andravida,Greece,0xk6c3fvlrks24ejggwfvyxyvp7vnpc2adjkzi6muy,2016-07-01 12:50:17
3359,Kansas City,United States,0xk6c3fvlrks24ejggwfvyxyvp7vnpc2adjkzi6muy,2016-08-30 03:05:01
443,Oulu,Finland,0xk6c3fvlrks24ejggwfvyxyvp7vnpc2adjkzi6muy,2016-09-18 23:10:04
4494,Jabor Jaluit Atoll,Marshall Islands,0xk6c3fvlrks24ejggwfvyxyvp7vnpc2adjkzi6muy,2016-10-20 04:12:02
2639,Barranquilla,Colombia,0xk6c3fvlrks24ejggwfvyxyvp7vnpc2adjkzi6muy,2016-12-24 09:07:10
3958,Port O\\'Connor,United States,0xk6c3fvlrks24ejggwfvyxyvp7vnpc2adjkzi6muy,2017-02-18 22:21:13
2201,Babelthuap,Palau,0x2qw30z4yp9ssbsavuql0lma2p4mlbadoba14bthz,2016-02-14 21:14:47
3699,Homestead,United States,0x2qw30z4yp9ssbsavuql0lma2p4mlbadoba14bthz,2016-02-07 09:40:04
4111,Denver,United States,0x2qw30z4yp9ssbsavuql0lma2p4mlbadoba14bthz,2016-03-30 06:02:08
3992,Medford,United States,0x2qw30z4yp9ssbsavuql0lma2p4mlbadoba14bthz,2016-04-27 00:37:32
99,Ottawa,Canada,0x2qw30z4yp9ssbsavuql0lma2p4mlbadoba14bthz,2016-05-11 09:56:48
248,Sunyani,Ghana,0x2qw30z4yp9ssbsavuql0lma2p4mlbadoba14bthz,2016-07-10 14:27:47
2983,Rourkela,India,0x2qw30z4yp9ssbsavuql0lma2p4mlbadoba14bthz,2016-07-14 23:53:56
4722,Hemavan,Sweden,0x2qw30z4yp9ssbsavuql0lma2p4mlbadoba14bthz,2016-08-20 10:48:43
4161,Nizhniy Novgorod,Russia,0x2qw30z4yp9ssbsavuql0lma2p4mlbadoba14bthz,2016-09-28 09:16:28
1709,Pristina,Serbia,0x2qw30z4yp9ssbsavuql0lma2p4mlbadoba14bthz,2016-10-06 17:17:27
102,Portage-la-prairie,Canada,0x2qw30z4yp9ssbsavuql0lma2p4mlbadoba14bthz,2016-11-06 18:21:16
1800,Uruapan,Mexico,0x2qw30z4yp9ssbsavuql0lma2p4mlbadoba14bthz,2017-01-07 09:50:59
4757,Eday,United Kingdom,0x2qw30z4yp9ssbsavuql0lma2p4mlbadoba14bthz,2017-02-14 05:08:59
1738,San Pedro Sula,Honduras,0x2qw30z4yp9ssbsavuql0lma2p4mlbadoba14bthz,2017-01-07 00:52:23
1724,Barahona,Dominican Republic,0xdceao91yhv7y4cujkslkv18z3lotlfc7zgtd0e70,2016-01-22 07:49:40
4076,Dolpa,Nepal,0xdceao91yhv7y4cujkslkv18z3lotlfc7zgtd0e70,2016-03-12 18:00:00
3774,Valparaiso,United States,0xdceao91yhv7y4cujkslkv18z3lotlfc7zgtd0e70,2016-04-02 10:32:29
2001,Wellington,New Zealand,0xdceao91yhv7y4cujkslkv18z3lotlfc7zgtd0e70,2016-05-16 20:15:45
2542,Rio Grande,Brazil,0xdceao91yhv7y4cujkslkv18z3lotlfc7zgtd0e70,2016-05-28 08:58:34
3339,Anchorage,United States,0xdceao91yhv7y4cujkslkv18z3lotlfc7zgtd0e70,2016-06-30 03:29:48
1606,Ponta Delgada,Portugal,0xdceao91yhv7y4cujkslkv18z3lotlfc7zgtd0e70,2016-08-16 05:01:20
3458,Port Huron,United States,0xdceao91yhv7y4cujkslkv18z3lotlfc7zgtd0e70,2016-09-20 09:15:18
3979,Carlsbad,United States,0xdceao91yhv7y4cujkslkv18z3lotlfc7zgtd0e70,2016-09-11 06:16:27
1947,Nuku Hiva,French Polynesia,0xdceao91yhv7y4cujkslkv18z3lotlfc7zgtd0e70,2016-10-05 06:15:11
2026,Gassim,Saudi Arabia,0xdceao91yhv7y4cujkslkv18z3lotlfc7zgtd0e70,2016-12-04 21:29:46
4482,Colón,Panama,0xdceao91yhv7y4cujkslkv18z3lotlfc7zgtd0e70,2017-01-29 03:16:00
2242,Asahikawa,Japan,0xdceao91yhv7y4cujkslkv18z3lotlfc7zgtd0e70,2017-01-28 00:39:27
3139,Putao,Burma,0xdceao91yhv7y4cujkslkv18z3lotlfc7zgtd0e70,2017-01-17 10:31:13
1029,Mopti,Mali,0xdceao91yhv7y4cujkslkv18z3lotlfc7zgtd0e70,2017-01-01 02:07:23
2592,La Serena,Chile,0xdceao91yhv7y4cujkslkv18z3lotlfc7zgtd0e70,2017-01-09 21:37:56
3644,Farmington,United States,0xdceao91yhv7y4cujkslkv18z3lotlfc7zgtd0e70,2017-01-24 12:00:16
2251,Miyazaki,Japan,0xdceao91yhv7y4cujkslkv18z3lotlfc7zgtd0e70,2017-01-27 00:13:54
90,Moosonee,Canada,0xdceao91yhv7y4cujkslkv18z3lotlfc7zgtd0e70,2017-01-22 07:41:12
2192,West Tinian,Northern Mariana Islands,0x9jnf6e8cj1k7eb77od0pcfho0xepr39bttslmqrp,2016-02-02 01:02:32
1503,Milan,Italy,0x9jnf6e8cj1k7eb77od0pcfho0xepr39bttslmqrp,2016-02-02 15:03:06
850,Umtata,South Africa,0x9jnf6e8cj1k7eb77od0pcfho0xepr39bttslmqrp,2016-04-21 06:47:12
4378,Jiwani,Pakistan,0x9jnf6e8cj1k7eb77od0pcfho0xepr39bttslmqrp,2016-04-16 07:24:28
1075,Selibabi,Mauritania,0x9jnf6e8cj1k7eb77od0pcfho0xepr39bttslmqrp,2016-05-10 14:27:59
1813,Tampico,Mexico,0x9jnf6e8cj1k7eb77od0pcfho0xepr39bttslmqrp,2016-07-01 12:00:15
1150,El Obeid,Sudan,0x9jnf6e8cj1k7eb77od0pcfho0xepr39bttslmqrp,2016-07-04 13:33:00
3464,Pensacola,United States,0x9jnf6e8cj1k7eb77od0pcfho0xepr39bttslmqrp,2016-08-28 06:12:37
3631,New Bern,United States,0x9jnf6e8cj1k7eb77od0pcfho0xepr39bttslmqrp,2016-09-21 07:45:23
3744,Topeka,United States,0x9jnf6e8cj1k7eb77od0pcfho0xepr39bttslmqrp,2016-10-30 06:06:03
4333,Molokai,United States,0x9jnf6e8cj1k7eb77od0pcfho0xepr39bttslmqrp,2016-11-14 10:52:03
1882,Santa Clara,Cuba,0x9jnf6e8cj1k7eb77od0pcfho0xepr39bttslmqrp,2017-02-06 04:18:24
850,Umtata,South Africa,0x9jnf6e8cj1k7eb77od0pcfho0xepr39bttslmqrp,2017-02-10 17:03:55
3763,Portland,United States,0xia9ew38s18g1icjdjcoimhe2msj6i4ic4djs8n4x,2016-01-01 10:23:54
1366,Troyes,France,0xia9ew38s18g1icjdjcoimhe2msj6i4ic4djs8n4x,2016-03-24 08:04:01
2810,Aguadilla,Puerto Rico,0xia9ew38s18g1icjdjcoimhe2msj6i4ic4djs8n4x,2016-04-11 14:32:38
3654,Sioux City,United States,0xia9ew38s18g1icjdjcoimhe2msj6i4ic4djs8n4x,2016-04-16 01:38:33
2959,Baghdogra,India,0xyeud97gntjoeaw4nbnkjh06tlf97r641vvpckhoy,2016-01-11 12:13:58
3378,Annette Island,United States,0xou0qnkrd7z024aiqsetwnh6wdayj6g3b9lxhzecq,2016-01-07 00:02:21
1966,Taupo,New Zealand,0xou0qnkrd7z024aiqsetwnh6wdayj6g3b9lxhzecq,2016-02-25 21:24:39
952,Makokou,Gabon,0xou0qnkrd7z024aiqsetwnh6wdayj6g3b9lxhzecq,2016-03-29 17:32:19
2363,Kalibo,Philippines,0xou0qnkrd7z024aiqsetwnh6wdayj6g3b9lxhzecq,2016-05-11 06:16:04
3525,Teterboro,United States,0xou0qnkrd7z024aiqsetwnh6wdayj6g3b9lxhzecq,2016-06-17 15:10:21
599,Waterford,Ireland,0xou0qnkrd7z024aiqsetwnh6wdayj6g3b9lxhzecq,2016-07-13 16:42:54
4413,Tongoa Island,Vanuatu,0xou0qnkrd7z024aiqsetwnh6wdayj6g3b9lxhzecq,2016-07-25 07:08:44
371,Augsburg,Germany,0xou0qnkrd7z024aiqsetwnh6wdayj6g3b9lxhzecq,2016-08-21 13:51:10
3879,Nevsehir,Turkey,0xou0qnkrd7z024aiqsetwnh6wdayj6g3b9lxhzecq,2016-10-02 11:14:59
736,Spangdahlem,Germany,0xou0qnkrd7z024aiqsetwnh6wdayj6g3b9lxhzecq,2016-10-10 11:50:30
3521,Deadhorse,United States,0xou0qnkrd7z024aiqsetwnh6wdayj6g3b9lxhzecq,2016-12-07 13:40:52
3887,Ilulissat,Greenland,0xou0qnkrd7z024aiqsetwnh6wdayj6g3b9lxhzecq,2017-01-21 20:17:47
816,Messina,South Africa,0xou0qnkrd7z024aiqsetwnh6wdayj6g3b9lxhzecq,2017-01-14 04:38:24
635,Floro,Norway,0xou0qnkrd7z024aiqsetwnh6wdayj6g3b9lxhzecq,2017-02-19 04:47:56
3580,Millville,United States,0xou0qnkrd7z024aiqsetwnh6wdayj6g3b9lxhzecq,2017-01-30 21:27:21
4696,Soalala,Madagascar,0xou0qnkrd7z024aiqsetwnh6wdayj6g3b9lxhzecq,2017-01-05 09:24:45
1434,Kos,Greece,0x33e98hp26hqam18wdw8xg0wi42vzj6h12wikcctg,2016-01-28 00:11:59
3814,Ruteng,Indonesia,0x33e98hp26hqam18wdw8xg0wi42vzj6h12wikcctg,2016-03-12 17:08:53
1316,Grenoble,France,0x33e98hp26hqam18wdw8xg0wi42vzj6h12wikcctg,2016-03-24 09:19:10
2854,Pevek,Russia,0x33e98hp26hqam18wdw8xg0wi42vzj6h12wikcctg,2016-04-05 20:23:50
670,Wroclaw,Poland,0x33e98hp26hqam18wdw8xg0wi42vzj6h12wikcctg,2016-06-08 07:44:22
1648,Lugano,Switzerland,0x33e98hp26hqam18wdw8xg0wi42vzj6h12wikcctg,2016-07-15 06:22:59
3394,Lafayette,United States,0x33e98hp26hqam18wdw8xg0wi42vzj6h12wikcctg,2016-08-19 07:24:58
2288,Akita,Japan,0x33e98hp26hqam18wdw8xg0wi42vzj6h12wikcctg,2016-09-18 03:00:24
1333,Le Castellet,France,0x33e98hp26hqam18wdw8xg0wi42vzj6h12wikcctg,2016-10-06 09:42:26
3592,Laredo,United States,0x33e98hp26hqam18wdw8xg0wi42vzj6h12wikcctg,2016-11-15 10:42:51
3462,Colombia,United States,0x33e98hp26hqam18wdw8xg0wi42vzj6h12wikcctg,2016-12-18 10:00:45
4546,Victoria,United States,0x33e98hp26hqam18wdw8xg0wi42vzj6h12wikcctg,2017-02-20 03:25:53
3303,Harbin,China,0x33e98hp26hqam18wdw8xg0wi42vzj6h12wikcctg,2017-01-24 23:08:37
2595,Puerto Montt,Chile,0x33e98hp26hqam18wdw8xg0wi42vzj6h12wikcctg,2017-01-11 01:14:31
1962,Touho,New Caledonia,0x33e98hp26hqam18wdw8xg0wi42vzj6h12wikcctg,2017-01-20 09:07:23
3233,Prosserpine,Australia,0x33e98hp26hqam18wdw8xg0wi42vzj6h12wikcctg,2017-02-13 21:19:31
3835,Sukhothai,Thailand,0x33e98hp26hqam18wdw8xg0wi42vzj6h12wikcctg,2017-01-09 15:43:23
2103,Ramsar,Iran,0x33e98hp26hqam18wdw8xg0wi42vzj6h12wikcctg,2017-02-13 08:58:04
2836,Dzhambul,Kazakhstan,0xa5masr4py1mcwmw9boaninvp66lm24dvg7qv0gn9,2016-01-07 18:00:56
4781,Fond-Du-Lac,Canada,0xa5masr4py1mcwmw9boaninvp66lm24dvg7qv0gn9,2016-02-28 16:53:18
1070,Tidjikja,Mauritania,0xa5masr4py1mcwmw9boaninvp66lm24dvg7qv0gn9,2016-03-16 00:37:13
365,Essen,Germany,0xa5masr4py1mcwmw9boaninvp66lm24dvg7qv0gn9,2016-04-11 00:54:25
1963,Ouvea,New Caledonia,0xa5masr4py1mcwmw9boaninvp66lm24dvg7qv0gn9,2016-05-29 13:57:28
1167,Soroti,Uganda,0xbsc5i0x2nqowefb7ll0qffgf9zf87h6y8qmocqtt,2016-01-04 04:18:04
212,Illizi,Algeria,0xbsc5i0x2nqowefb7ll0qffgf9zf87h6y8qmocqtt,2016-03-19 08:01:26
3130,Mandalay,Burma,0xbsc5i0x2nqowefb7ll0qffgf9zf87h6y8qmocqtt,2016-03-27 00:15:08
235,Hassi-messaoud,Algeria,0xbsc5i0x2nqowefb7ll0qffgf9zf87h6y8qmocqtt,2016-05-09 12:08:41
1395,St.-brieuc Armor,France,0xbsc5i0x2nqowefb7ll0qffgf9zf87h6y8qmocqtt,2016-05-22 12:44:39
2474,Campos,Brazil,0xbsc5i0x2nqowefb7ll0qffgf9zf87h6y8qmocqtt,2016-07-08 03:03:08
4574,Latrobe,United States,0xbsc5i0x2nqowefb7ll0qffgf9zf87h6y8qmocqtt,2016-07-18 18:44:40
2784,San Antonio,Venezuela,0xbsc5i0x2nqowefb7ll0qffgf9zf87h6y8qmocqtt,2016-09-24 10:53:28
2846,Baku,Azerbaijan,0xbsc5i0x2nqowefb7ll0qffgf9zf87h6y8qmocqtt,2016-09-01 14:13:13
790,George,South Africa,0xbsc5i0x2nqowefb7ll0qffgf9zf87h6y8qmocqtt,2016-10-25 11:03:46
1357,Creil,France,0xjl7ju6rv5s27xkohvgx730p2gfvapyxszcj02qwa,2016-01-29 10:11:05
188,Kapuskasing,Canada,0xjl7ju6rv5s27xkohvgx730p2gfvapyxszcj02qwa,2016-02-21 17:56:07
923,Farafangana,Madagascar,0xjl7ju6rv5s27xkohvgx730p2gfvapyxszcj02qwa,2016-04-21 19:29:19
873,Berberati,Central African Republic,0xjl7ju6rv5s27xkohvgx730p2gfvapyxszcj02qwa,2016-04-07 11:22:41
915,Besalampy,Madagascar,0xjl7ju6rv5s27xkohvgx730p2gfvapyxszcj02qwa,2016-06-13 05:26:37
678,Joenkoeping,Sweden,0xjl7ju6rv5s27xkohvgx730p2gfvapyxszcj02qwa,2016-07-03 07:33:13
4020,Baghdad,Iraq,0xjl7ju6rv5s27xkohvgx730p2gfvapyxszcj02qwa,2016-07-31 03:26:06
3222,Singapore,Singapore,0xjl7ju6rv5s27xkohvgx730p2gfvapyxszcj02qwa,2016-08-29 07:58:26
4203,Tabarka,Tunisia,0xyj0eyuk6huyxtyncz3a3ug34uw1lugbe8ukxdjfa,2016-01-16 00:58:25
3259,Canberra,Australia,0xyj0eyuk6huyxtyncz3a3ug34uw1lugbe8ukxdjfa,2016-03-08 07:03:56
2737,Talara,Peru,0xyj0eyuk6huyxtyncz3a3ug34uw1lugbe8ukxdjfa,2016-04-04 20:53:21
2983,Rourkela,India,0xyj0eyuk6huyxtyncz3a3ug34uw1lugbe8ukxdjfa,2016-04-17 23:45:30
1452,Samos,Greece,0xyj0eyuk6huyxtyncz3a3ug34uw1lugbe8ukxdjfa,2016-06-14 16:13:59
4220,Ust Ilimsk,Russia,0xyj0eyuk6huyxtyncz3a3ug34uw1lugbe8ukxdjfa,2016-06-21 15:58:08
1773,Hermosillo,Mexico,0xyj0eyuk6huyxtyncz3a3ug34uw1lugbe8ukxdjfa,2016-07-22 02:04:20
3312,Barter Island,United States,0xyj0eyuk6huyxtyncz3a3ug34uw1lugbe8ukxdjfa,2016-09-18 02:15:17
2826,Scarborough,Trinidad and Tobago,0xyj0eyuk6huyxtyncz3a3ug34uw1lugbe8ukxdjfa,2016-09-28 04:23:28
2233,Chitose,Japan,0xyj0eyuk6huyxtyncz3a3ug34uw1lugbe8ukxdjfa,2016-10-07 00:01:40
2269,Hiroshima,Japan,0xyj0eyuk6huyxtyncz3a3ug34uw1lugbe8ukxdjfa,2016-12-04 05:55:00
2924,Daman,India,0xyj0eyuk6huyxtyncz3a3ug34uw1lugbe8ukxdjfa,2017-02-10 16:43:14
4740,Namsos,Norway,0xyj0eyuk6huyxtyncz3a3ug34uw1lugbe8ukxdjfa,2017-01-06 12:34:22
3320,Indian Mountains,United States,0xyj0eyuk6huyxtyncz3a3ug34uw1lugbe8ukxdjfa,2017-02-20 22:42:30
2203,Yap,Micronesia,0xyj0eyuk6huyxtyncz3a3ug34uw1lugbe8ukxdjfa,2017-01-03 20:48:38
1584,Linz,Austria,0x78d2w7yxa8dmgn5q5ddxgbhe7vcgtx7l3fuolf5n,2016-02-03 10:09:14
986,Victoria Falls,Zimbabwe,0x78d2w7yxa8dmgn5q5ddxgbhe7vcgtx7l3fuolf5n,2016-03-04 06:26:58
3983,Santarem,Brazil,0x78d2w7yxa8dmgn5q5ddxgbhe7vcgtx7l3fuolf5n,2016-03-14 22:39:31
2930,Jamnagar,India,0x78d2w7yxa8dmgn5q5ddxgbhe7vcgtx7l3fuolf5n,2016-04-21 18:05:23
905,Toamasina,Madagascar,0x78d2w7yxa8dmgn5q5ddxgbhe7vcgtx7l3fuolf5n,2016-06-20 18:04:18
2019,Al-ahsa,Saudi Arabia,0x78d2w7yxa8dmgn5q5ddxgbhe7vcgtx7l3fuolf5n,2016-07-19 11:53:23
1667,Sivas,Turkey,0x78d2w7yxa8dmgn5q5ddxgbhe7vcgtx7l3fuolf5n,2016-08-24 13:57:51
55,Fredericton,Canada,0x78d2w7yxa8dmgn5q5ddxgbhe7vcgtx7l3fuolf5n,2016-08-22 21:28:07
